beat_id,session_id,beat_number,beat_time,interval_seconds,beat_bpm
1,1,1,1790034917.36462,,
2,1,2,1790034917.92853,0.56391167640686,106.399641132294
3,1,3,1790034918.51313,0.584604263305664,102.633531375102
4,1,4,1790034919.09754,0.584411144256592,102.667446693413
5,1,5,1790034919.66205,0.564501762390137,106.28841927075
6,1,6,1790034920.26661,0.604566812515259,99.2446140904991
7,1,7,1790034920.91166,0.64504861831665,93.0162445066216
8,1,8,1790034921.57654,0.66487717628479,90.2422314077148
9,1,9,1790034922.16072,0.584177017211914,102.708593854583
10,1,10,1790034922.78526,0.624539375305176,96.0708041357385
11,1,11,1790034923.53086,0.745608568191528,80.4711782558103
12,1,12,1790034924.15551,0.624650478363037,96.0537165635995
13,1,13,1790034924.78004,0.624521732330322,96.0735181722464
14,1,14,1790034925.34415,0.564114570617676,106.361372538744
15,1,15,1790034925.96897,0.624818086624146,96.0279500297061
16,1,16,1790034926.53281,0.56383752822876,106.413633353715
17,1,17,1790034927.19764,0.664830446243286,90.248574413278
18,1,18,1790034927.8021,0.604461193084717,99.2619554181882
19,1,19,1790034928.3865,0.584399461746216,102.669499079819
20,1,20,1790034928.95081,0.56430983543396,106.324568938019
21,1,21,1790034929.55504,0.604233503341675,99.2993597147027
22,1,22,1790034930.11899,0.563947916030884,106.392803828916
23,1,23,1790034930.68321,0.564225435256958,106.340473595762
24,1,24,1790034931.26756,0.584345102310181,102.679050038741
25,1,25,1790034931.91226,0.64470386505127,93.0659846365719
26,1,26,1790034932.61747,0.705209016799927,85.0811583100085
27,1,27,1790034933.22192,0.60444450378418,99.2646961373038
28,1,28,1790034933.8063,0.584380626678467,102.672808202132
29,1,29,1790034934.41066,0.604363679885864,99.2779711900145
30,1,30,1790034934.97462,0.563955783843994,106.391319530465
31,1,31,1790034935.57942,0.604799509048462,99.2064297380114
32,1,32,1790034936.18391,0.604498147964478,99.2558872215533
33,1,33,1790034936.84876,0.66484522819519,90.2465678559172
34,1,34,1790034937.43326,0.584503412246704,102.651239912138
35,1,35,1790034937.99734,0.564081430435181,106.367621344512
36,1,36,1790034938.58183,0.584485054016113,102.654464109438
37,1,37,1790034939.26707,0.685243606567383,87.5601018746608
38,1,38,1790034939.83148,0.564408302307129,106.306019515904
39,1,39,1790034940.47641,0.644933223724365,93.032887425944
40,1,40,1790034941.06067,0.584250926971436,102.695600862835
41,1,41,1790034941.66535,0.604687690734863,99.224774903361
42,1,42,1790034942.2295,0.564143896102905,106.355843632234
43,1,43,1790034942.83408,0.604579210281372,99.2425789369699
44,1,44,1790034943.45877,0.624690771102905,96.0475210704149
45,2,1,1790459444.02077,,
46,2,2,1790459445.23015,1.20938777923584,49.6118788614777
47,2,3,1790459446.33771,1.10755848884583,54.1732112608566
48,2,4,1790459447.56669,1.22897982597351,48.8209804033783
49,2,5,1790459452.82554,5.25884747505188,11.409344021602
50,2,6,1790459454.35677,1.53122997283936,39.184185957869
51,2,7,1790459456.49217,2.13539910316467,28.097792076001
52,2,8,1790459459.3935,2.90133237838745,20.6801538654967
53,2,9,1790459460.11889,0.725387334823608,82.7144300976666
54,3,1,1790460427.5067,,
55,3,2,1790460427.86965,0.362948179244995,165.312855749303
56,3,3,1790460428.3328,0.463152647018433,129.546922351093
57,3,4,1790460428.71595,0.383146524429321,156.598053680292
58,3,5,1790460429.2599,0.543949365615845,110.304384548863
59,3,6,1790460429.64293,0.383027315139771,156.646791569174
60,3,7,1790460430.04572,0.402790784835815,148.960706795854
61,3,8,1790460430.40838,0.36266565322876,165.441638781695
62,3,9,1790460430.83189,0.423501968383789,141.675846818323
63,3,10,1790460431.23494,0.403048992156982,148.86527734234
64,3,11,1790460431.59771,0.362775564193726,165.391514539715
65,3,12,1790460431.98054,0.38283109664917,156.727080232421
66,3,13,1790460432.36329,0.382747411727905,156.761347461845
67,3,14,1790460432.7261,0.362815380096436,165.373364227426
68,3,15,1790460433.14922,0.423118591308594,141.804215726933
69,3,16,1790460433.57247,0.423249959945679,141.760202429081
70,3,17,1790460433.93514,0.362668514251709,165.440333644065
71,3,18,1790460434.31787,0.382725715637207,156.77023400454
72,3,19,1790460434.70079,0.382925748825073,156.688340191531
73,3,20,1790460435.16404,0.463243007659912,129.521652799666
74,3,21,1790460435.60731,0.443276882171631,135.355581157442
75,3,22,1790460435.97009,0.362772703170776,165.392818907201
76,3,23,1790460436.4133,0.443212747573853,135.375167633242
77,3,24,1790460436.79652,0.383217573165894,156.569020320021
78,3,25,1790460437.19945,0.402933359146118,148.90799840239
79,3,26,1790460437.60241,0.402958154678345,148.898835532672
80,3,27,1790460437.96507,0.362665176391602,165.441856306636
81,3,28,1790460438.34785,0.382779121398926,156.748361250009
82,3,29,1790460438.71065,0.362801790237427,165.379558796373
83,3,30,1790460439.11354,0.402886629104614,148.92526995335
84,3,31,1790460439.47613,0.362584829330444,165.478517429417
85,3,32,1790460439.83886,0.362732887268066,165.410973490415
86,3,33,1790460440.24171,0.402853965759277,148.937344794199
87,3,34,1790460440.60436,0.362650632858276,165.448491092108
88,3,35,1790460440.96724,0.362881183624268,165.343376034964
89,3,36,1790460441.53143,0.564189910888672,106.347169352058
90,3,37,1790460441.95477,0.423338174819946,141.730662550145
91,3,38,1790460442.31743,0.362656831741333,165.445663085689
92,3,39,1790460442.68038,0.362953186035156,165.310575326341
93,3,40,1790460443.04302,0.362641572952271,165.452624506173
94,3,41,1790460443.40564,0.362619161605835,165.462850154675
95,3,42,1790460443.76856,0.362915992736816,165.327517113613
96,3,43,1790460444.19151,0.422954082489014,141.859370754646
97,3,44,1790460444.59439,0.402879476547241,148.927913911655
98,3,45,1790460445.01756,0.423166990280151,141.787997122077
99,3,46,1790460445.46085,0.443286418914795,135.352669154371
100,3,47,1790460445.88422,0.423376321792603,141.717892361
101,3,48,1790460446.24695,0.362725973129272,165.414126488859
102,3,49,1790460446.6099,0.362956762313843,165.308946491315
103,3,50,1790460446.97246,0.362554788589478,165.492228728878
104,3,51,1790460447.35532,0.382862329483032,156.714294877264
105,3,52,1790460447.73846,0.383138418197632,156.601366895686
106,3,53,1790460448.12124,0.382776975631714,156.749239948352
107,3,54,1790460448.52421,0.402974367141724,148.892845035224
108,3,55,1790460448.90731,0.383100986480713,156.616667973578
109,3,56,1790460449.31019,0.402873039245605,148.930293554397
110,3,57,1790460449.67297,0.362783193588257,165.388036327001
111,3,58,1790460450.03573,0.362765312194824,165.396188618433
112,3,59,1790460450.39833,0.36259651184082,165.473185870966
113,3,60,1790460450.78124,0.382905960083008,156.696437911264
114,3,61,1790460451.16401,0.382771015167236,156.751680828773
115,3,62,1790460451.60721,0.443201065063477,135.378736040281
116,3,63,1790460452.05037,0.443165302276611,135.389660904792
117,3,64,1790460452.43309,0.382718563079834,156.77316385483
118,3,65,1790460452.87656,0.443465709686279,135.29794680731
119,3,66,1790460453.25932,0.382761001586914,156.755781679017
120,3,67,1790460453.68252,0.42319917678833,141.777213404198
121,3,68,1790460454.04514,0.362621068954468,165.461979837509
122,3,69,1790460454.44807,0.40293288230896,148.908174622476
123,3,70,1790460454.93157,0.483496427536011,124.096056522633
124,3,71,1790460455.29388,0.362313270568848,165.602545846023
125,3,72,1790460455.67646,0.382579565048218,156.830122362751
126,3,73,1790460456.03904,0.362580537796021,165.480476047379
127,3,74,1790460456.44194,0.402899265289307,148.920599189766
128,3,75,1790460456.80492,0.362978458404541,165.299065580167
129,3,76,1790460457.24833,0.443408489227295,135.315406578162
